ATMA,2020-06-03_05_34_19,https://zenodo.org/records/11111351/files/2020-06-03_05_34_19.wav,ATMA,0
ATMA,2020-06-03_05_34_27,https://zenodo.org/records/11111351/files/2020-06-03_05_34_27.wav,ATMA,1
ATMA,2020-06-03_05_38_59,https://zenodo.org/records/11111351/files/2020-06-03_05_38_59.wav,ATMA,2
ATMA,2020-06-03_05_39_25,https://zenodo.org/records/11111351/files/2020-06-03_05_39_25.wav,ATMA,3
ATMA,2020-06-03_05_40_18,https://zenodo.org/records/11111351/files/2020-06-03_05_40_18.wav,ATMA,4
ATMA,2020-06-03_05_40_44,https://zenodo.org/records/11111351/files/2020-06-03_05_40_44.wav,ATMA,5
ATMA,2020-06-03_05_41_07,https://zenodo.org/records/11111351/files/2020-06-03_05_41_07.wav,ATMA,6
ATMA,2020-06-03_05_41_22,https://zenodo.org/records/11111351/files/2020-06-03_05_41_22.wav,ATMA,7
ATMA,2020-06-03_05_41_41,https://zenodo.org/records/11111351/files/2020-06-03_05_41_41.wav,ATMA,8
ATMA,2020-06-03_05_42_02,https://zenodo.org/records/11111351/files/2020-06-03_05_42_02.wav,ATMA,9
ATMA,2020-06-01_08_19_47,https://zenodo.org/records/11111351/files/2020-06-01_08_19_47.wav,ATMA,10
ATMA,2020-06-01_08_20_07,https://zenodo.org/records/11111351/files/2020-06-01_08_20_07.wav,ATMA,11
ATMA,2020-06-01_08_20_44,https://zenodo.org/records/11111351/files/2020-06-01_08_20_44.wav,ATMA,12
ATMA,2020-06-01_08_21_09,https://zenodo.org/records/11111351/files/2020-06-01_08_21_09.wav,ATMA,13
ATMA,2020-06-01_08_37_54,https://zenodo.org/records/11111351/files/2020-06-01_08_37_54.wav,ATMA,14
ATMA,2020-06-01_08_38_05,https://zenodo.org/records/11111351/files/2020-06-01_08_38_05.wav,ATMA,15
ATMA,2020-06-01_08_38_22,https://zenodo.org/records/11111351/files/2020-06-01_08_38_22.wav,ATMA,16
ATMA,2020-06-01_08_38_51,https://zenodo.org/records/11111351/files/2020-06-01_08_38_51.wav,ATMA,17
ATMA,2020-06-01_08_38_34,https://zenodo.org/records/11111351/files/2020-06-01_08_38_34.wav,ATMA,18
ATMA,2020-06-01_08_39_04,https://zenodo.org/records/11111351/files/2020-06-01_08_39_04.wav,ATMA,19
ATMA,2020-06-02_04_15_44,https://zenodo.org/records/11111351/files/2020-06-02_04_15_44.wav,ATMA,20
ATMA,2020-06-02_04_16_06,https://zenodo.org/records/11111351/files/2020-06-02_04_16_06.wav,ATMA,21
ATMA,2020-06-02_04_16_22,https://zenodo.org/records/11111351/files/2020-06-02_04_16_22.wav,ATMA,22
ATMA,2020-06-02_04_16_38,https://zenodo.org/records/11111351/files/2020-06-02_04_16_38.wav,ATMA,23
ATMA,2020-06-02_04_42_08,https://zenodo.org/records/11111351/files/2020-06-02_04_42_08.wav,ATMA,24
ATMA,2020-06-02_04_42_23,https://zenodo.org/records/11111351/files/2020-06-02_04_42_23.wav,ATMA,25
ATMA,2020-06-02_04_42_38,https://zenodo.org/records/11111351/files/2020-06-02_04_42_38.wav,ATMA,26
ATMA,2020-06-02_04_42_47,https://zenodo.org/records/11111351/files/2020-06-02_04_42_47.wav,ATMA,27
ATMA,2020-06-02_04_42_59,https://zenodo.org/records/11111351/files/2020-06-02_04_42_59.wav,ATMA,28
ATMA,2020-06-02_04_43_11,https://zenodo.org/records/11111351/files/2020-06-02_04_43_11.wav,ATMA,29
ATMA,2020-06-04_06_17_13,https://zenodo.org/records/11111351/files/2020-06-04_06_17_13.wav,ATMA,30
ATMA,2020-06-04_06_17_42,https://zenodo.org/records/11111351/files/2020-06-04_06_17_42.wav,ATMA,31
ATMA,2020-06-04_06_17_56,https://zenodo.org/records/11111351/files/2020-06-04_06_17_56.wav,ATMA,32
ATMA,2020-06-04_06_18_03,https://zenodo.org/records/11111351/files/2020-06-04_06_18_03.wav,ATMA,33
ATMA,2020-06-04_06_18_11,https://zenodo.org/records/11111351/files/2020-06-04_06_18_11.wav,ATMA,34
ATMA,2020-06-04_06_36_12,https://zenodo.org/records/11111351/files/2020-06-04_06_36_12.wav,ATMA,35
ATMA,2020-06-04_06_36_31,https://zenodo.org/records/11111351/files/2020-06-04_06_36_31.wav,ATMA,36
ATMA,2020-06-04_06_36_46,https://zenodo.org/records/11111351/files/2020-06-04_06_36_46.wav,ATMA,37
ATMA,2020-06-04_06_36_59,https://zenodo.org/records/11111351/files/2020-06-04_06_36_59.wav,ATMA,38
ATMA,2020-06-04_06_37_17,https://zenodo.org/records/11111351/files/2020-06-04_06_37_17.wav,ATMA,39
ATMA,2020-05-30_06_21_00,https://zenodo.org/records/11111351/files/2020-05-30_06_21_00.wav,ATMA,40
ATMA,2020-05-30_06_21_39,https://zenodo.org/records/11111351/files/2020-05-30_06_21_39.wav,ATMA,41
ATMA,2020-05-30_06_21_54,https://zenodo.org/records/11111351/files/2020-05-30_06_21_54.wav,ATMA,42
ATMA,2020-05-30_06_22_11,https://zenodo.org/records/11111351/files/2020-05-30_06_22_11.wav,ATMA,43
ATMA,2020-05-30_06_22_26,https://zenodo.org/records/11111351/files/2020-05-30_06_22_26.wav,ATMA,44
ATMA,2020-05-30_10_13_02,https://zenodo.org/records/11111351/files/2020-05-30_10_13_02.wav,ATMA,45
ATMA,2020-05-30_10_13_28,https://zenodo.org/records/11111351/files/2020-05-30_10_13_28.wav,ATMA,46
ATMA,2020-05-30_10_14_21,https://zenodo.org/records/11111351/files/2020-05-30_10_14_21.wav,ATMA,47
ATMA,2020-05-30_10_13_48,https://zenodo.org/records/11111351/files/2020-05-30_10_13_48.wav,ATMA,48
ATMA,2020-05-30_10_14_44,https://zenodo.org/records/11111351/files/2020-05-30_10_14_44.wav,ATMA,49
ATMA,2020-06-06_08_53_08,https://zenodo.org/records/11111351/files/2020-06-06_08_53_08.wav,ATMA,50
ATMA,2020-06-06_08_53_57,https://zenodo.org/records/11111351/files/2020-06-06_08_53_57.wav,ATMA,51
ATMA,2020-06-06_08_54_01,https://zenodo.org/records/11111351/files/2020-06-06_08_54_01.wav,ATMA,52
ATMA,2020-06-06_08_56_02,https://zenodo.org/records/11111351/files/2020-06-06_08_56_02.wav,ATMA,53
ATMA,2020-06-06_08_54_26,https://zenodo.org/records/11111351/files/2020-06-06_08_54_26.wav,ATMA,54
ATMA,2020-06-06_08_56_03,https://zenodo.org/records/11111351/files/2020-06-06_08_56_03.wav,ATMA,55
ATMA,2020-06-06_08_59_13,https://zenodo.org/records/11111351/files/2020-06-06_08_59_13.wav,ATMA,56
ATMA,2020-06-06_08_59_12,https://zenodo.org/records/11111351/files/2020-06-06_08_59_12.wav,ATMA,57
ATMA,2020-06-06_09_00_01,https://zenodo.org/records/11111351/files/2020-06-06_09_00_01.wav,ATMA,58
ATMA,2020-06-06_09_00_03,https://zenodo.org/records/11111351/files/2020-06-06_09_00_03.wav,ATMA,59
ATMA,2020-05-28_12_36_42,https://zenodo.org/records/11111351/files/2020-05-28_12_36_42.wav,ATMA,60
ATMA,2020-05-28_12_36_10,https://zenodo.org/records/11111351/files/2020-05-28_12_36_10.wav,ATMA,61
ATMA,2020-05-28_12_36_58,https://zenodo.org/records/11111351/files/2020-05-28_12_36_58.wav,ATMA,62
ATMA,2020-05-28_12_37_24,https://zenodo.org/records/11111351/files/2020-05-28_12_37_24.wav,ATMA,63
ATMA,2020-05-28_12_37_14,https://zenodo.org/records/11111351/files/2020-05-28_12_37_14.wav,ATMA,64
ATMA,2020-05-28_05_36_59,https://zenodo.org/records/11111351/files/2020-05-28_05_36_59.wav,ATMA,65
ATMA,2020-05-28_05_38_22,https://zenodo.org/records/11111351/files/2020-05-28_05_38_22.wav,ATMA,66
ATMA,2020-05-28_05_38_09,https://zenodo.org/records/11111351/files/2020-05-28_05_38_09.wav,ATMA,67
ATMA,2020-05-28_05_38_39,https://zenodo.org/records/11111351/files/2020-05-28_05_38_39.wav,ATMA,68
ATMA,2020-05-28_05_38_45,https://zenodo.org/records/11111351/files/2020-05-28_05_38_45.wav,ATMA,69
ATMA,2020-06-05_03_55_30,https://zenodo.org/records/11111351/files/2020-06-05_03_55_30.wav,ATMA,70
ATMA,2020-06-05_03_55_47,https://zenodo.org/records/11111351/files/2020-06-05_03_55_47.wav,ATMA,71
ATMA,2020-06-05_03_56_03,https://zenodo.org/records/11111351/files/2020-06-05_03_56_03.wav,ATMA,72
ATMA,2020-06-05_03_56_35,https://zenodo.org/records/11111351/files/2020-06-05_03_56_35.wav,ATMA,73
ATMA,2020-06-05_03_56_48,https://zenodo.org/records/11111351/files/2020-06-05_03_56_48.wav,ATMA,74
ATMA,2020-06-05_03_57_06,https://zenodo.org/records/11111351/files/2020-06-05_03_57_06.wav,ATMA,75
ATMA,2020-06-05_08_42_24,https://zenodo.org/records/11111351/files/2020-06-05_08_42_24.wav,ATMA,76
ATMA,2020-06-05_08_42_40,https://zenodo.org/records/11111351/files/2020-06-05_08_42_40.wav,ATMA,77
ATMA,2020-06-05_08_42_52,https://zenodo.org/records/11111351/files/2020-06-05_08_42_52.wav,ATMA,78
ATMA,2020-06-05_08_43_06,https://zenodo.org/records/11111351/files/2020-06-05_08_43_06.wav,ATMA,79
ATMA,2020-05-27_10_23_37,https://zenodo.org/records/11111351/files/2020-05-27_10_23_37.wav,ATMA,80
ATMA,2020-05-27_10_24_13,https://zenodo.org/records/11111351/files/2020-05-27_10_24_13.wav,ATMA,81
ATMA,2020-05-27_10_23_55,https://zenodo.org/records/11111351/files/2020-05-27_10_23_55.wav,ATMA,82
ATMA,2020-05-27_10_24_30,https://zenodo.org/records/11111351/files/2020-05-27_10_24_30.wav,ATMA,83
ATMA,2020-05-27_03_54_34,https://zenodo.org/records/11111351/files/2020-05-27_03_54_34.wav,ATMA,84
ATMA,2020-05-27_03_55_03,https://zenodo.org/records/11111351/files/2020-05-27_03_55_03.wav,ATMA,85
ATMA,2020-05-27_03_55_51,https://zenodo.org/records/11111351/files/2020-05-27_03_55_51.wav,ATMA,86
ATMA,2020-05-27_03_55_25,https://zenodo.org/records/11111351/files/2020-05-27_03_55_25.wav,ATMA,87
ATMA,2020-05-27_03_56_16,https://zenodo.org/records/11111351/files/2020-05-27_03_56_16.wav,ATMA,88
ATMA,2020-05-27_06_06_55,https://zenodo.org/records/11111351/files/2020-05-27_06_06_55.wav,ATMA,89
ATMA,2020-05-29_03_49_57,https://zenodo.org/records/11111351/files/2020-05-29_03_49_57.wav,ATMA,90
ATMA,2020-05-29_03_50_21,https://zenodo.org/records/11111351/files/2020-05-29_03_50_21.wav,ATMA,91
ATMA,2020-05-29_03_50_43,https://zenodo.org/records/11111351/files/2020-05-29_03_50_43.wav,ATMA,92
ATMA,2020-05-29_03_51_02,https://zenodo.org/records/11111351/files/2020-05-29_03_51_02.wav,ATMA,93
ATMA,2020-05-29_03_51_19,https://zenodo.org/records/11111351/files/2020-05-29_03_51_19.wav,ATMA,94
ATMA,2020-05-29_03_51_35,https://zenodo.org/records/11111351/files/2020-05-29_03_51_35.wav,ATMA,95
ATMA,2020-05-29_03_51_53,https://zenodo.org/records/11111351/files/2020-05-29_03_51_53.wav,ATMA,96
ATMA,2020-05-29_03_52_01,https://zenodo.org/records/11111351/files/2020-05-29_03_52_01.wav,ATMA,97
ATMA,2020-05-29_03_52_18,https://zenodo.org/records/11111351/files/2020-05-29_03_52_18.wav,ATMA,98
ATMA,2020-05-29_03_52_26,https://zenodo.org/records/11111351/files/2020-05-29_03_52_26.wav,ATMA,99
HELR,2020-06-03_04_07_02,https://zenodo.org/records/11111486/files/2020-06-03_04_07_02.wav,HELR,0
HELR,2020-06-03_04_08_12,https://zenodo.org/records/11111486/files/2020-06-03_04_08_12.wav,HELR,1
HELR,2020-06-03_04_19_24,https://zenodo.org/records/11111486/files/2020-06-03_04_19_24.wav,HELR,2
HELR,2020-06-03_04_19_38,https://zenodo.org/records/11111486/files/2020-06-03_04_19_38.wav,HELR,3
HELR,2020-06-03_04_43_30,https://zenodo.org/records/11111486/files/2020-06-03_04_43_30.wav,HELR,4
HELR,2020-06-03_04_44_17,https://zenodo.org/records/11111486/files/2020-06-03_04_44_17.wav,HELR,5
HELR,2020-06-03_06_16_33,https://zenodo.org/records/11111486/files/2020-06-03_06_16_33.wav,HELR,6
HELR,2020-06-03_06_16_51,https://zenodo.org/records/11111486/files/2020-06-03_06_16_51.wav,HELR,7
HELR,2020-06-03_06_33_23,https://zenodo.org/records/11111486/files/2020-06-03_06_33_23.wav,HELR,8
HELR,2020-06-03_06_33_12,https://zenodo.org/records/11111486/files/2020-06-03_06_33_12.wav,HELR,9
HELR,2020-06-01_11_01_56,https://zenodo.org/records/11111486/files/2020-06-01_11_01_56.wav,HELR,10
HELR,2020-06-01_11_02_22,https://zenodo.org/records/11111486/files/2020-06-01_11_02_22.wav,HELR,11
HELR,2020-06-01_01_55_39,https://zenodo.org/records/11111486/files/2020-06-01_01_55_39.wav,HELR,12
HELR,2020-06-01_01_56_03,https://zenodo.org/records/11111486/files/2020-06-01_01_56_03.wav,HELR,13
HELR,2020-06-01_03_36_23,https://zenodo.org/records/11111486/files/2020-06-01_03_36_23.wav,HELR,14
HELR,2020-06-01_03_36_51,https://zenodo.org/records/11111486/files/2020-06-01_03_36_51.wav,HELR,15
HELR,2020-06-01_07_35_45,https://zenodo.org/records/11111486/files/2020-06-01_07_35_45.wav,HELR,16
HELR,2020-06-01_07_35_20,https://zenodo.org/records/11111486/files/2020-06-01_07_35_20.wav,HELR,17
HELR,2020-06-01_07_44_26,https://zenodo.org/records/11111486/files/2020-06-01_07_44_26.wav,HELR,18
HELR,2020-06-01_07_44_47,https://zenodo.org/records/11111486/files/2020-06-01_07_44_47.wav,HELR,19
HELR,2020-06-02_03_54_50,https://zenodo.org/records/11111486/files/2020-06-02_03_54_50.wav,HELR,20
HELR,2020-06-02_04_07_28,https://zenodo.org/records/11111486/files/2020-06-02_04_07_28.wav,HELR,21
HELR,2020-06-02_03_55_13,https://zenodo.org/records/11111486/files/2020-06-02_03_55_13.wav,HELR,22
HELR,2020-06-02_04_08_02,https://zenodo.org/records/11111486/files/2020-06-02_04_08_02.wav,HELR,23
HELR,2020-06-02_04_23_41,https://zenodo.org/records/11111486/files/2020-06-02_04_23_41.wav,HELR,24
HELR,2020-06-02_04_24_13,https://zenodo.org/records/11111486/files/2020-06-02_04_24_13.wav,HELR,25
HELR,2020-06-02_05_05_08,https://zenodo.org/records/11111486/files/2020-06-02_05_05_08.wav,HELR,26
HELR,2020-06-02_05_05_26,https://zenodo.org/records/11111486/files/2020-06-02_05_05_26.wav,HELR,27
HELR,2020-06-02_05_49_03,https://zenodo.org/records/11111486/files/2020-06-02_05_49_03.wav,HELR,28
HELR,2020-06-02_05_48_41,https://zenodo.org/records/11111486/files/2020-06-02_05_48_41.wav,HELR,29
HELR,2020-06-04_04_25_29,https://zenodo.org/records/11111486/files/2020-06-04_04_25_29.wav,HELR,30
HELR,2020-06-04_04_25_12,https://zenodo.org/records/11111486/files/2020-06-04_04_25_12.wav,HELR,31
HELR,2020-06-04_04_48_25,https://zenodo.org/records/11111486/files/2020-06-04_04_48_25.wav,HELR,32
HELR,2020-06-04_04_48_47,https://zenodo.org/records/11111486/files/2020-06-04_04_48_47.wav,HELR,33
HELR,2020-06-04_05_17_21,https://zenodo.org/records/11111486/files/2020-06-04_05_17_21.wav,HELR,34
HELR,2020-06-04_05_49_10,https://zenodo.org/records/11111486/files/2020-06-04_05_49_10.wav,HELR,35
HELR,2020-06-04_05_17_40,https://zenodo.org/records/11111486/files/2020-06-04_05_17_40.wav,HELR,36
HELR,2020-06-04_05_49_23,https://zenodo.org/records/11111486/files/2020-06-04_05_49_23.wav,HELR,37
HELR,2020-06-04_06_51_10,https://zenodo.org/records/11111486/files/2020-06-04_06_51_10.wav,HELR,38
HELR,2020-06-04_06_50_53,https://zenodo.org/records/11111486/files/2020-06-04_06_50_53.wav,HELR,39
HELR,2020-05-30_11_54_55,https://zenodo.org/records/11111486/files/2020-05-30_11_54_55.wav,HELR,40
HELR,2020-05-30_11_54_37,https://zenodo.org/records/11111486/files/2020-05-30_11_54_37.wav,HELR,41
HELR,2020-05-30_01_12_41,https://zenodo.org/records/11111486/files/2020-05-30_01_12_41.wav,HELR,42
HELR,2020-05-30_01_12_02,https://zenodo.org/records/11111486/files/2020-05-30_01_12_02.wav,HELR,43
HELR,2020-05-30_03_07_08,https://zenodo.org/records/11111486/files/2020-05-30_03_07_08.wav,HELR,44
HELR,2020-05-30_04_08_05,https://zenodo.org/records/11111486/files/2020-05-30_04_08_05.wav,HELR,45
HELR,2020-05-30_03_07_47,https://zenodo.org/records/11111486/files/2020-05-30_03_07_47.wav,HELR,46
HELR,2020-05-30_04_08_26,https://zenodo.org/records/11111486/files/2020-05-30_04_08_26.wav,HELR,47
HELR,2020-05-30_06_32_15,https://zenodo.org/records/11111486/files/2020-05-30_06_32_15.wav,HELR,48
HELR,2020-05-30_06_32_39,https://zenodo.org/records/11111486/files/2020-05-30_06_32_39.wav,HELR,49
HELR,2020-06-06_01_04_02,https://zenodo.org/records/11111486/files/2020-06-06_01_04_02.wav,HELR,50
HELR,2020-06-06_01_03_40,https://zenodo.org/records/11111486/files/2020-06-06_01_03_40.wav,HELR,51
HELR,2020-06-06_01_04_22,https://zenodo.org/records/11111486/files/2020-06-06_01_04_22.wav,HELR,52
HELR,2020-06-06_01_04_37,https://zenodo.org/records/11111486/files/2020-06-06_01_04_37.wav,HELR,53
HELR,2020-06-06_01_04_53,https://zenodo.org/records/11111486/files/2020-06-06_01_04_53.wav,HELR,54
HELR,2020-06-06_01_27_51,https://zenodo.org/records/11111486/files/2020-06-06_01_27_51.wav,HELR,55
HELR,2020-06-06_01_28_14,https://zenodo.org/records/11111486/files/2020-06-06_01_28_14.wav,HELR,56
HELR,2020-06-06_02_32_37,https://zenodo.org/records/11111486/files/2020-06-06_02_32_37.wav,HELR,57
HELR,2020-06-06_02_33_31,https://zenodo.org/records/11111486/files/2020-06-06_02_33_31.wav,HELR,58
HELR,2020-06-06_02_33_43,https://zenodo.org/records/11111486/files/2020-06-06_02_33_43.wav,HELR,59
HELR,2020-05-28_12_19_48,https://zenodo.org/records/11111486/files/2020-05-28_12_19_48.wav,HELR,60
HELR,2020-05-28_12_20_18,https://zenodo.org/records/11111486/files/2020-05-28_12_20_18.wav,HELR,61
HELR,2020-05-28_01_39_22,https://zenodo.org/records/11111486/files/2020-05-28_01_39_22.wav,HELR,62
HELR,2020-05-28_01_39_34,https://zenodo.org/records/11111486/files/2020-05-28_01_39_34.wav,HELR,63
HELR,2020-05-28_03_01_32,https://zenodo.org/records/11111486/files/2020-05-28_03_01_32.wav,HELR,64
HELR,2020-05-28_04_48_48,https://zenodo.org/records/11111486/files/2020-05-28_04_48_48.wav,HELR,65
HELR,2020-05-28_03_02_28,https://zenodo.org/records/11111486/files/2020-05-28_03_02_28.wav,HELR,66
HELR,2020-05-28_04_48_30,https://zenodo.org/records/11111486/files/2020-05-28_04_48_30.wav,HELR,67
HELR,2020-05-28_06_55_02,https://zenodo.org/records/11111486/files/2020-05-28_06_55_02.wav,HELR,68
HELR,2020-05-28_06_55_21,https://zenodo.org/records/11111486/files/2020-05-28_06_55_21.wav,HELR,69
HELR,2020-06-05_02_14_49,https://zenodo.org/records/11111486/files/2020-06-05_02_14_49.wav,HELR,70
HELR,2020-06-05_02_14_31,https://zenodo.org/records/11111486/files/2020-06-05_02_14_31.wav,HELR,71
HELR,2020-06-05_02_15_08,https://zenodo.org/records/11111486/files/2020-06-05_02_15_08.wav,HELR,72
HELR,2020-06-05_02_22_40,https://zenodo.org/records/11111486/files/2020-06-05_02_22_40.wav,HELR,73
HELR,2020-06-05_02_46_07,https://zenodo.org/records/11111486/files/2020-06-05_02_46_07.wav,HELR,74
HELR,2020-06-05_02_46_34,https://zenodo.org/records/11111486/files/2020-06-05_02_46_34.wav,HELR,75
HELR,2020-06-05_05_55_08,https://zenodo.org/records/11111486/files/2020-06-05_05_55_08.wav,HELR,76
HELR,2020-06-05_05_55_31,https://zenodo.org/records/11111486/files/2020-06-05_05_55_31.wav,HELR,77
HELR,2020-06-05_05_56_04,https://zenodo.org/records/11111486/files/2020-06-05_05_56_04.wav,HELR,78
HELR,2020-06-05_05_55_50,https://zenodo.org/records/11111486/files/2020-06-05_05_55_50.wav,HELR,79
HELR,2020-05-27_11_43_21,https://zenodo.org/records/11111486/files/2020-05-27_11_43_21.wav,HELR,80
HELR,2020-05-27_03_49_08,https://zenodo.org/records/11111486/files/2020-05-27_03_49_08.wav,HELR,81
HELR,2020-05-27_03_50_13,https://zenodo.org/records/11111486/files/2020-05-27_03_50_13.wav,HELR,82
HELR,2020-05-27_04_08_47,https://zenodo.org/records/11111486/files/2020-05-27_04_08_47.wav,HELR,83
HELR,2020-05-27_05_50_34,https://zenodo.org/records/11111486/files/2020-05-27_05_50_34.wav,HELR,84
HELR,2020-05-27_05_50_03,https://zenodo.org/records/11111486/files/2020-05-27_05_50_03.wav,HELR,85
HELR,2020-05-27_06_07_04,https://zenodo.org/records/11111486/files/2020-05-27_06_07_04.wav,HELR,86
HELR,2020-05-27_07_10_45,https://zenodo.org/records/11111486/files/2020-05-27_07_10_45.wav,HELR,87
HELR,2020-05-27_06_07_48,https://zenodo.org/records/11111486/files/2020-05-27_06_07_48.wav,HELR,88
HELR,2020-05-27_07_11_04,https://zenodo.org/records/11111486/files/2020-05-27_07_11_04.wav,HELR,89
HELR,2020-05-29_12_05_29,https://zenodo.org/records/11111486/files/2020-05-29_12_05_29.wav,HELR,90
HELR,2020-05-29_12_05_01,https://zenodo.org/records/11111486/files/2020-05-29_12_05_01.wav,HELR,91
HELR,2020-05-29_01_04_06,https://zenodo.org/records/11111486/files/2020-05-29_01_04_06.wav,HELR,92
HELR,2020-05-29_01_04_18,https://zenodo.org/records/11111486/files/2020-05-29_01_04_18.wav,HELR,93
HELR,2020-05-29_03_07_02,https://zenodo.org/records/11111486/files/2020-05-29_03_07_02.wav,HELR,94
HELR,2020-05-29_03_07_17,https://zenodo.org/records/11111486/files/2020-05-29_03_07_17.wav,HELR,95
HELR,2020-05-29_05_15_49,https://zenodo.org/records/11111486/files/2020-05-29_05_15_49.wav,HELR,96
HELR,2020-05-29_05_16_05,https://zenodo.org/records/11111486/files/2020-05-29_05_16_05.wav,HELR,97
HELR,2020-05-29_07_08_58,https://zenodo.org/records/11111486/files/2020-05-29_07_08_58.wav,HELR,98
HELR,2020-05-29_07_09_14,https://zenodo.org/records/11111486/files/2020-05-29_07_09_14.wav,HELR,99
LHCM,2020-06-03_01_38_01,https://zenodo.org/records/11111521/files/2020-06-03_01_38_01.wav,LHCM,0
LHCM,2020-06-03_01_39_20,https://zenodo.org/records/11111521/files/2020-06-03_01_39_20.wav,LHCM,1
LHCM,2020-06-03_01_39_32,https://zenodo.org/records/11111521/files/2020-06-03_01_39_32.wav,LHCM,2
LHCM,2020-06-03_06_07_37,https://zenodo.org/records/11111521/files/2020-06-03_06_07_37.wav,LHCM,3
LHCM,2020-06-03_06_06_46,https://zenodo.org/records/11111521/files/2020-06-03_06_06_46.wav,LHCM,4
LHCM,2020-06-03_06_09_17,https://zenodo.org/records/11111521/files/2020-06-03_06_09_17.wav,LHCM,5
LHCM,2020-06-03_06_19_12,https://zenodo.org/records/11111521/files/2020-06-03_06_19_12.wav,LHCM,6
LHCM,2020-06-03_06_21_00,https://zenodo.org/records/11111521/files/2020-06-03_06_21_00.wav,LHCM,7
LHCM,2020-06-03_06_20_24,https://zenodo.org/records/11111521/files/2020-06-03_06_20_24.wav,LHCM,8
LHCM,2020-06-03_06_36_12,https://zenodo.org/records/11111521/files/2020-06-03_06_36_12.wav,LHCM,9
LHCM,2020-06-01_01_13_07,https://zenodo.org/records/11111521/files/2020-06-01_01_13_07.wav,LHCM,10
LHCM,2020-06-01_01_13_29,https://zenodo.org/records/11111521/files/2020-06-01_01_13_29.wav,LHCM,11
LHCM,2020-06-01_01_14_02,https://zenodo.org/records/11111521/files/2020-06-01_01_14_02.wav,LHCM,12
LHCM,2020-06-01_04_59_54,https://zenodo.org/records/11111521/files/2020-06-01_04_59_54.wav,LHCM,13
LHCM,2020-06-01_05_01_32,https://zenodo.org/records/11111521/files/2020-06-01_05_01_32.wav,LHCM,14
LHCM,2020-06-01_05_01_23,https://zenodo.org/records/11111521/files/2020-06-01_05_01_23.wav,LHCM,15
LHCM,2020-06-01_10_33_33,https://zenodo.org/records/11111521/files/2020-06-01_10_33_33.wav,LHCM,16
LHCM,2020-06-01_10_36_19,https://zenodo.org/records/11111521/files/2020-06-01_10_36_19.wav,LHCM,17
LHCM,2020-06-01_10_36_18,https://zenodo.org/records/11111521/files/2020-06-01_10_36_18.wav,LHCM,18
LHCM,2020-06-01_10_36_20,https://zenodo.org/records/11111521/files/2020-06-01_10_36_20.wav,LHCM,19
LHCM,2020-06-02_06_37_32,https://zenodo.org/records/11111521/files/2020-06-02_06_37_32.wav,LHCM,20
LHCM,2020-06-02_06_37_44,https://zenodo.org/records/11111521/files/2020-06-02_06_37_44.wav,LHCM,21
LHCM,2020-06-02_06_37_40,https://zenodo.org/records/11111521/files/2020-06-02_06_37_40.wav,LHCM,22
LHCM,2020-06-02_06_51_58,https://zenodo.org/records/11111521/files/2020-06-02_06_51_58.wav,LHCM,23
LHCM,2020-06-02_06_54_26,https://zenodo.org/records/11111521/files/2020-06-02_06_54_26.wav,LHCM,24
LHCM,2020-06-02_06_59_21,https://zenodo.org/records/11111521/files/2020-06-02_06_59_21.wav,LHCM,25
LHCM,2020-06-03_04_42_04,https://zenodo.org/records/11111521/files/2020-06-03_04_42_04.wav,LHCM,26
LHCM,2020-06-03_04_42_07,https://zenodo.org/records/11111521/files/2020-06-03_04_42_07.wav,LHCM,27
LHCM,2020-06-03_04_44_41,https://zenodo.org/records/11111521/files/2020-06-03_04_44_41.wav,LHCM,28
LHCM,2020-06-03_04_44_43,https://zenodo.org/records/11111521/files/2020-06-03_04_44_43.wav,LHCM,29
LHCM,2020-06-04_06_38_32,https://zenodo.org/records/11111521/files/2020-06-04_06_38_32.wav,LHCM,30
LHCM,2020-06-04_06_38_33,https://zenodo.org/records/11111521/files/2020-06-04_06_38_33.wav,LHCM,31
LHCM,2020-06-04_06_46_24,https://zenodo.org/records/11111521/files/2020-06-04_06_46_24.wav,LHCM,32
LHCM,2020-06-04_06_46_16,https://zenodo.org/records/11111521/files/2020-06-04_06_46_16.wav,LHCM,33
LHCM,2020-06-04_06_48_36,https://zenodo.org/records/11111521/files/2020-06-04_06_48_36.wav,LHCM,34
LHCM,2020-06-04_06_48_37,https://zenodo.org/records/11111521/files/2020-06-04_06_48_37.wav,LHCM,35
LHCM,2020-06-04_06_52_31,https://zenodo.org/records/11111521/files/2020-06-04_06_52_31.wav,LHCM,36
LHCM,2020-06-04_06_53_12,https://zenodo.org/records/11111521/files/2020-06-04_06_53_12.wav,LHCM,37
LHCM,2020-06-04_06_58_19,https://zenodo.org/records/11111521/files/2020-06-04_06_58_19.wav,LHCM,38
LHCM,2020-06-04_06_58_52,https://zenodo.org/records/11111521/files/2020-06-04_06_58_52.wav,LHCM,39
LHCM,2020-05-30_12_18_00,https://zenodo.org/records/11111521/files/2020-05-30_12_18_00.wav,LHCM,40
LHCM,2020-05-30_12_20_37,https://zenodo.org/records/11111521/files/2020-05-30_12_20_37.wav,LHCM,41
LHCM,2020-05-30_01_08_49,https://zenodo.org/records/11111521/files/2020-05-30_01_08_49.wav,LHCM,42
LHCM,2020-05-30_05_54_49,https://zenodo.org/records/11111521/files/2020-05-30_05_54_49.wav,LHCM,43
LHCM,2020-05-30_05_58_19,https://zenodo.org/records/11111521/files/2020-05-30_05_58_19.wav,LHCM,44
LHCM,2020-05-30_06_01_22,https://zenodo.org/records/11111521/files/2020-05-30_06_01_22.wav,LHCM,45
LHCM,2020-05-31_09_52_27,https://zenodo.org/records/11111521/files/2020-05-31_09_52_27.wav,LHCM,46
LHCM,2020-05-31_09_52_34,https://zenodo.org/records/11111521/files/2020-05-31_09_52_34.wav,LHCM,47
LHCM,2020-05-31_09_52_57,https://zenodo.org/records/11111521/files/2020-05-31_09_52_57.wav,LHCM,48
LHCM,2020-05-31_09_52_46,https://zenodo.org/records/11111521/files/2020-05-31_09_52_46.wav,LHCM,49
LHCM,2020-06-06_09_51_58,https://zenodo.org/records/11111521/files/2020-06-06_09_51_58.wav,LHCM,50
LHCM,2020-06-06_09_53_57,https://zenodo.org/records/11111521/files/2020-06-06_09_53_57.wav,LHCM,51
LHCM,2020-06-06_09_53_59,https://zenodo.org/records/11111521/files/2020-06-06_09_53_59.wav,LHCM,52
LHCM,2020-06-06_09_53_58,https://zenodo.org/records/11111521/files/2020-06-06_09_53_58.wav,LHCM,53
LHCM,2020-06-06_10_02_18,https://zenodo.org/records/11111521/files/2020-06-06_10_02_18.wav,LHCM,54
LHCM,2020-06-06_10_02_21,https://zenodo.org/records/11111521/files/2020-06-06_10_02_21.wav,LHCM,55
LHCM,2020-06-06_10_02_23,https://zenodo.org/records/11111521/files/2020-06-06_10_02_23.wav,LHCM,56
LHCM,2020-06-06_10_02_24,https://zenodo.org/records/11111521/files/2020-06-06_10_02_24.wav,LHCM,57
LHCM,2020-06-06_10_02_25,https://zenodo.org/records/11111521/files/2020-06-06_10_02_25.wav,LHCM,58
LHCM,2020-06-06_10_02_26,https://zenodo.org/records/11111521/files/2020-06-06_10_02_26.wav,LHCM,59
LHCM,2020-05-28_11_40_59,https://zenodo.org/records/11111521/files/2020-05-28_11_40_59.wav,LHCM,60
LHCM,2020-05-28_11_43_23,https://zenodo.org/records/11111521/files/2020-05-28_11_43_23.wav,LHCM,61
LHCM,2020-05-28_12_31_33,https://zenodo.org/records/11111521/files/2020-05-28_12_31_33.wav,LHCM,62
LHCM,2020-05-28_05_09_24,https://zenodo.org/records/11111521/files/2020-05-28_05_09_24.wav,LHCM,63
LHCM,2020-05-28_05_12_23,https://zenodo.org/records/11111521/files/2020-05-28_05_12_23.wav,LHCM,64
LHCM,2020-05-28_05_22_04,https://zenodo.org/records/11111521/files/2020-05-28_05_22_04.wav,LHCM,65
LHCM,2020-06-05_08_57_20,https://zenodo.org/records/11111521/files/2020-06-05_08_57_20.wav,LHCM,66
LHCM,2020-06-05_08_57_27,https://zenodo.org/records/11111521/files/2020-06-05_08_57_27.wav,LHCM,67
LHCM,2020-06-05_08_57_33,https://zenodo.org/records/11111521/files/2020-06-05_08_57_33.wav,LHCM,68
LHCM,2020-06-05_08_57_47,https://zenodo.org/records/11111521/files/2020-06-05_08_57_47.wav,LHCM,69
LHCM,2020-06-05_08_59_14,https://zenodo.org/records/11111521/files/2020-06-05_08_59_14.wav,LHCM,70
LHCM,2020-06-05_09_20_18,https://zenodo.org/records/11111521/files/2020-06-05_09_20_18.wav,LHCM,71
LHCM,2020-06-05_09_21_55,https://zenodo.org/records/11111521/files/2020-06-05_09_21_55.wav,LHCM,72
LHCM,2020-06-05_11_57_53,https://zenodo.org/records/11111521/files/2020-06-05_11_57_53.wav,LHCM,73
LHCM,2020-06-06_12_02_52,https://zenodo.org/records/11111521/files/2020-06-06_12_02_52.wav,LHCM,74
LHCM,2020-06-06_12_04_08,https://zenodo.org/records/11111521/files/2020-06-06_12_04_08.wav,LHCM,75
LHCM,2020-05-27_09_38_05,https://zenodo.org/records/11111521/files/2020-05-27_09_38_05.wav,LHCM,76
LHCM,2020-05-27_09_42_24,https://zenodo.org/records/11111521/files/2020-05-27_09_42_24.wav,LHCM,77
LHCM,2020-05-27_09_44_32,https://zenodo.org/records/11111521/files/2020-05-27_09_44_32.wav,LHCM,78
LHCM,2020-05-27_07_09_06,https://zenodo.org/records/11111521/files/2020-05-27_07_09_06.wav,LHCM,79
LHCM,2020-05-27_07_11_50,https://zenodo.org/records/11111521/files/2020-05-27_07_11_50.wav,LHCM,80
LHCM,2020-05-27_07_15_43,https://zenodo.org/records/11111521/files/2020-05-27_07_15_43.wav,LHCM,81
LHCM,2020-05-27_07_18_41,https://zenodo.org/records/11111521/files/2020-05-27_07_18_41.wav,LHCM,82
LHCM,2020-05-27_07_20_17,https://zenodo.org/records/11111521/files/2020-05-27_07_20_17.wav,LHCM,83
LHCM,2020-05-27_07_23_37,https://zenodo.org/records/11111521/files/2020-05-27_07_23_37.wav,LHCM,84
LHCM,2020-05-27_07_25_29,https://zenodo.org/records/11111521/files/2020-05-27_07_25_29.wav,LHCM,85
LHCM,2020-05-29_12_40_25,https://zenodo.org/records/11111521/files/2020-05-29_12_40_25.wav,LHCM,86
LHCM,2020-05-29_12_46_20,https://zenodo.org/records/11111521/files/2020-05-29_12_46_20.wav,LHCM,87
LHCM,2020-05-29_12_48_46,https://zenodo.org/records/11111521/files/2020-05-29_12_48_46.wav,LHCM,88
LHCM,2020-05-29_06_56_01,https://zenodo.org/records/11111521/files/2020-05-29_06_56_01.wav,LHCM,89
LHCM,2020-05-29_06_56_02,https://zenodo.org/records/11111521/files/2020-05-29_06_56_02.wav,LHCM,90
LHCM,2020-05-29_06_56_03,https://zenodo.org/records/11111521/files/2020-05-29_06_56_03.wav,LHCM,91
LHCM,2020-05-29_09_45_25,https://zenodo.org/records/11111521/files/2020-05-29_09_45_25.wav,LHCM,92
LHCM,2020-05-29_09_45_32,https://zenodo.org/records/11111521/files/2020-05-29_09_45_32.wav,LHCM,93
LHCM,2020-05-29_09_45_41,https://zenodo.org/records/11111521/files/2020-05-29_09_45_41.wav,LHCM,94
LHCM,2020-05-29_09_46_04,https://zenodo.org/records/11111521/files/2020-05-29_09_46_04.wav,LHCM,95
LPJM,2020-06-03_09_28_57,https://zenodo.org/records/11111524/files/2020-06-03_09_28_57.wav,LPJM,0
LPJM,2020-06-03_09_31_45,https://zenodo.org/records/11111524/files/2020-06-03_09_31_45.wav,LPJM,1
LPJM,2020-06-03_09_35_06,https://zenodo.org/records/11111524/files/2020-06-03_09_35_06.wav,LPJM,2
LPJM,2020-06-03_09_41_10,https://zenodo.org/records/11111524/files/2020-06-03_09_41_10.wav,LPJM,3
LPJM,2020-06-03_09_38_21,https://zenodo.org/records/11111524/files/2020-06-03_09_38_21.wav,LPJM,4
LPJM,2020-06-03_09_44_45,https://zenodo.org/records/11111524/files/2020-06-03_09_44_45.wav,LPJM,5
LPJM,2020-06-03_09_50_03,https://zenodo.org/records/11111524/files/2020-06-03_09_50_03.wav,LPJM,6
LPJM,2020-06-03_09_52_34,https://zenodo.org/records/11111524/files/2020-06-03_09_52_34.wav,LPJM,7
LPJM,2020-06-03_09_55_45,https://zenodo.org/records/11111524/files/2020-06-03_09_55_45.wav,LPJM,8
LPJM,2020-06-03_09_58_27,https://zenodo.org/records/11111524/files/2020-06-03_09_58_27.wav,LPJM,9
LPJM,2020-06-01_06_41_55,https://zenodo.org/records/11111524/files/2020-06-01_06_41_55.wav,LPJM,10
LPJM,2020-06-01_06_45_13,https://zenodo.org/records/11111524/files/2020-06-01_06_45_13.wav,LPJM,11
LPJM,2020-06-01_07_41_58,https://zenodo.org/records/11111524/files/2020-06-01_07_41_58.wav,LPJM,12
LPJM,2020-06-01_07_45_24,https://zenodo.org/records/11111524/files/2020-06-01_07_45_24.wav,LPJM,13
LPJM,2020-06-01_07_47_41,https://zenodo.org/records/11111524/files/2020-06-01_07_47_41.wav,LPJM,14
LPJM,2020-06-01_07_51_21,https://zenodo.org/records/11111524/files/2020-06-01_07_51_21.wav,LPJM,15
LPJM,2020-06-01_07_54_22,https://zenodo.org/records/11111524/files/2020-06-01_07_54_22.wav,LPJM,16
LPJM,2020-06-01_09_27_03,https://zenodo.org/records/11111524/files/2020-06-01_09_27_03.wav,LPJM,17
LPJM,2020-06-01_09_30_28,https://zenodo.org/records/11111524/files/2020-06-01_09_30_28.wav,LPJM,18
LPJM,2020-06-01_09_32_48,https://zenodo.org/records/11111524/files/2020-06-01_09_32_48.wav,LPJM,19
LPJM,2020-06-02_08_51_36,https://zenodo.org/records/11111524/files/2020-06-02_08_51_36.wav,LPJM,20
LPJM,2020-06-02_08_56_53,https://zenodo.org/records/11111524/files/2020-06-02_08_56_53.wav,LPJM,21
LPJM,2020-06-02_09_00_00,https://zenodo.org/records/11111524/files/2020-06-02_09_00_00.wav,LPJM,22
LPJM,2020-06-02_09_03_20,https://zenodo.org/records/11111524/files/2020-06-02_09_03_20.wav,LPJM,23
LPJM,2020-06-02_09_06_41,https://zenodo.org/records/11111524/files/2020-06-02_09_06_41.wav,LPJM,24
LPJM,2020-06-02_09_10_13,https://zenodo.org/records/11111524/files/2020-06-02_09_10_13.wav,LPJM,25
LPJM,2020-06-02_09_13_29,https://zenodo.org/records/11111524/files/2020-06-02_09_13_29.wav,LPJM,26
LPJM,2020-06-02_09_16_20,https://zenodo.org/records/11111524/files/2020-06-02_09_16_20.wav,LPJM,27
LPJM,2020-06-02_09_37_39,https://zenodo.org/records/11111524/files/2020-06-02_09_37_39.wav,LPJM,28
LPJM,2020-06-02_09_41_27,https://zenodo.org/records/11111524/files/2020-06-02_09_41_27.wav,LPJM,29
LPJM,2020-06-04_06_19_20,https://zenodo.org/records/11111524/files/2020-06-04_06_19_20.wav,LPJM,30
LPJM,2020-06-04_06_23_05,https://zenodo.org/records/11111524/files/2020-06-04_06_23_05.wav,LPJM,31
LPJM,2020-06-04_06_47_31,https://zenodo.org/records/11111524/files/2020-06-04_06_47_31.wav,LPJM,32
LPJM,2020-06-04_06_51_30,https://zenodo.org/records/11111524/files/2020-06-04_06_51_30.wav,LPJM,33
LPJM,2020-06-04_08_58_10,https://zenodo.org/records/11111524/files/2020-06-04_08_58_10.wav,LPJM,34
LPJM,2020-06-04_09_00_40,https://zenodo.org/records/11111524/files/2020-06-04_09_00_40.wav,LPJM,35
LPJM,2020-06-04_09_03_51,https://zenodo.org/records/11111524/files/2020-06-04_09_03_51.wav,LPJM,36
LPJM,2020-06-04_09_06_58,https://zenodo.org/records/11111524/files/2020-06-04_09_06_58.wav,LPJM,37
LPJM,2020-06-04_09_09_08,https://zenodo.org/records/11111524/files/2020-06-04_09_09_08.wav,LPJM,38
LPJM,2020-06-04_09_12_32,https://zenodo.org/records/11111524/files/2020-06-04_09_12_32.wav,LPJM,39
LPJM,2020-05-30_05_48_59,https://zenodo.org/records/11111524/files/2020-05-30_05_48_59.wav,LPJM,40
LPJM,2020-05-30_06_43_22,https://zenodo.org/records/11111524/files/2020-05-30_06_43_22.wav,LPJM,41
LPJM,2020-05-30_06_46_07,https://zenodo.org/records/11111524/files/2020-05-30_06_46_07.wav,LPJM,42
LPJM,2020-05-30_07_45_41,https://zenodo.org/records/11111524/files/2020-05-30_07_45_41.wav,LPJM,43
LPJM,2020-05-30_07_49_12,https://zenodo.org/records/11111524/files/2020-05-30_07_49_12.wav,LPJM,44
LPJM,2020-05-30_07_52_49,https://zenodo.org/records/11111524/files/2020-05-30_07_52_49.wav,LPJM,45
LPJM,2020-05-30_09_13_25,https://zenodo.org/records/11111524/files/2020-05-30_09_13_25.wav,LPJM,46
LPJM,2020-05-30_09_16_30,https://zenodo.org/records/11111524/files/2020-05-30_09_16_30.wav,LPJM,47
LPJM,2020-05-30_09_19_32,https://zenodo.org/records/11111524/files/2020-05-30_09_19_32.wav,LPJM,48
LPJM,2020-05-30_09_23_13,https://zenodo.org/records/11111524/files/2020-05-30_09_23_13.wav,LPJM,49
LPJM,2020-06-06_06_30_59,https://zenodo.org/records/11111524/files/2020-06-06_06_30_59.wav,LPJM,50
LPJM,2020-06-06_06_27_33,https://zenodo.org/records/11111524/files/2020-06-06_06_27_33.wav,LPJM,51
LPJM,2020-06-06_06_33_02,https://zenodo.org/records/11111524/files/2020-06-06_06_33_02.wav,LPJM,52
LPJM,2020-06-06_06_42_37,https://zenodo.org/records/11111524/files/2020-06-06_06_42_37.wav,LPJM,53
LPJM,2020-06-06_06_47_37,https://zenodo.org/records/11111524/files/2020-06-06_06_47_37.wav,LPJM,54
LPJM,2020-06-06_06_50_27,https://zenodo.org/records/11111524/files/2020-06-06_06_50_27.wav,LPJM,55
LPJM,2020-06-06_06_52_49,https://zenodo.org/records/11111524/files/2020-06-06_06_52_49.wav,LPJM,56
LPJM,2020-06-06_06_55_07,https://zenodo.org/records/11111524/files/2020-06-06_06_55_07.wav,LPJM,57
LPJM,2020-06-06_07_26_56,https://zenodo.org/records/11111524/files/2020-06-06_07_26_56.wav,LPJM,58
LPJM,2020-06-06_07_30_02,https://zenodo.org/records/11111524/files/2020-06-06_07_30_02.wav,LPJM,59
LPJM,2020-05-28_06_18_10,https://zenodo.org/records/11111524/files/2020-05-28_06_18_10.wav,LPJM,60
LPJM,2020-05-28_06_13_35,https://zenodo.org/records/11111524/files/2020-05-28_06_13_35.wav,LPJM,61
LPJM,2020-05-28_06_26_20,https://zenodo.org/records/11111524/files/2020-05-28_06_26_20.wav,LPJM,62
LPJM,2020-05-28_07_40_55,https://zenodo.org/records/11111524/files/2020-05-28_07_40_55.wav,LPJM,63
LPJM,2020-05-28_07_45_55,https://zenodo.org/records/11111524/files/2020-05-28_07_45_55.wav,LPJM,64
LPJM,2020-05-28_09_12_02,https://zenodo.org/records/11111524/files/2020-05-28_09_12_02.wav,LPJM,65
LPJM,2020-05-28_09_18_07,https://zenodo.org/records/11111524/files/2020-05-28_09_18_07.wav,LPJM,66
LPJM,2020-05-28_09_15_07,https://zenodo.org/records/11111524/files/2020-05-28_09_15_07.wav,LPJM,67
LPJM,2020-05-28_09_21_51,https://zenodo.org/records/11111524/files/2020-05-28_09_21_51.wav,LPJM,68
LPJM,2020-05-28_09_24_06,https://zenodo.org/records/11111524/files/2020-05-28_09_24_06.wav,LPJM,69
LPJM,2020-06-05_06_50_08,https://zenodo.org/records/11111524/files/2020-06-05_06_50_08.wav,LPJM,70
LPJM,2020-06-05_06_54_03,https://zenodo.org/records/11111524/files/2020-06-05_06_54_03.wav,LPJM,71
LPJM,2020-06-05_08_02_34,https://zenodo.org/records/11111524/files/2020-06-05_08_02_34.wav,LPJM,72
LPJM,2020-06-05_08_05_46,https://zenodo.org/records/11111524/files/2020-06-05_08_05_46.wav,LPJM,73
LPJM,2020-06-05_08_07_52,https://zenodo.org/records/11111524/files/2020-06-05_08_07_52.wav,LPJM,74
LPJM,2020-06-05_08_11_10,https://zenodo.org/records/11111524/files/2020-06-05_08_11_10.wav,LPJM,75
LPJM,2020-06-05_08_13_54,https://zenodo.org/records/11111524/files/2020-06-05_08_13_54.wav,LPJM,76
LPJM,2020-06-05_09_03_27,https://zenodo.org/records/11111524/files/2020-06-05_09_03_27.wav,LPJM,77
LPJM,2020-06-05_09_08_33,https://zenodo.org/records/11111524/files/2020-06-05_09_08_33.wav,LPJM,78
LPJM,2020-06-05_09_10_54,https://zenodo.org/records/11111524/files/2020-06-05_09_10_54.wav,LPJM,79
LPJM,2020-05-27_10_10_06,https://zenodo.org/records/11111524/files/2020-05-27_10_10_06.wav,LPJM,80
LPJM,2020-05-27_11_10_05,https://zenodo.org/records/11111524/files/2020-05-27_11_10_05.wav,LPJM,81
LPJM,2020-05-27_03_59_43,https://zenodo.org/records/11111524/files/2020-05-27_03_59_43.wav,LPJM,82
LPJM,2020-05-27_05_12_27,https://zenodo.org/records/11111524/files/2020-05-27_05_12_27.wav,LPJM,83
LPJM,2020-05-27_08_31_29,https://zenodo.org/records/11111524/files/2020-05-27_08_31_29.wav,LPJM,84
LPJM,2020-05-27_06_56_07,https://zenodo.org/records/11111524/files/2020-05-27_06_56_07.wav,LPJM,85
LPJM,2020-05-27_09_34_40,https://zenodo.org/records/11111524/files/2020-05-27_09_34_40.wav,LPJM,86
LPJM,2020-05-27_09_40_28,https://zenodo.org/records/11111524/files/2020-05-27_09_40_28.wav,LPJM,87
LPJM,2020-05-27_08_36_38,https://zenodo.org/records/11111524/files/2020-05-27_08_36_38.wav,LPJM,88
LPJM,2020-05-27_09_43_21,https://zenodo.org/records/11111524/files/2020-05-27_09_43_21.wav,LPJM,89
LPJM,2020-05-29_07_22_36,https://zenodo.org/records/11111524/files/2020-05-29_07_22_36.wav,LPJM,90
LPJM,2020-05-29_07_25_57,https://zenodo.org/records/11111524/files/2020-05-29_07_25_57.wav,LPJM,91
LPJM,2020-05-29_07_29_03,https://zenodo.org/records/11111524/files/2020-05-29_07_29_03.wav,LPJM,92
LPJM,2020-05-29_07_32_02,https://zenodo.org/records/11111524/files/2020-05-29_07_32_02.wav,LPJM,93
LPJM,2020-05-29_08_48_53,https://zenodo.org/records/11111524/files/2020-05-29_08_48_53.wav,LPJM,94
LPJM,2020-05-29_08_52_18,https://zenodo.org/records/11111524/files/2020-05-29_08_52_18.wav,LPJM,95
LPJM,2020-05-29_08_55_56,https://zenodo.org/records/11111524/files/2020-05-29_08_55_56.wav,LPJM,96
LPJM,2020-05-29_08_58_23,https://zenodo.org/records/11111524/files/2020-05-29_08_58_23.wav,LPJM,97
LPJM,2020-05-29_09_42_35,https://zenodo.org/records/11111524/files/2020-05-29_09_42_35.wav,LPJM,98
LPJM,2020-05-29_09_45_05,https://zenodo.org/records/11111524/files/2020-05-29_09_45_05.wav,LPJM,99
PVM,2020-06-03_08_42_27,https://zenodo.org/records/11111536/files/2020-06-03_08_42_27.wav,PVM,0
PVM,2020-06-03_09_04_17,https://zenodo.org/records/11111536/files/2020-06-03_09_04_17.wav,PVM,1
PVM,2020-06-03_11_08_23,https://zenodo.org/records/11111536/files/2020-06-03_11_08_23.wav,PVM,2
PVM,2020-06-03_11_33_03,https://zenodo.org/records/11111536/files/2020-06-03_11_33_03.wav,PVM,3
PVM,2020-06-03_05_03_51,https://zenodo.org/records/11111536/files/2020-06-03_05_03_51.wav,PVM,4
PVM,2020-06-03_05_04_09,https://zenodo.org/records/11111536/files/2020-06-03_05_04_09.wav,PVM,5
PVM,2020-06-03_05_55_38,https://zenodo.org/records/11111536/files/2020-06-03_05_55_38.wav,PVM,6
PVM,2020-06-03_06_15_52,https://zenodo.org/records/11111536/files/2020-06-03_06_15_52.wav,PVM,7
PVM,2020-06-03_06_30_08,https://zenodo.org/records/11111536/files/2020-06-03_06_30_08.wav,PVM,8
PVM,2020-06-03_08_07_00,https://zenodo.org/records/11111536/files/2020-06-03_08_07_00.wav,PVM,9
PVM,2020-06-01_07_37_27,https://zenodo.org/records/11111536/files/2020-06-01_07_37_27.wav,PVM,10
PVM,2020-06-01_08_41_10,https://zenodo.org/records/11111536/files/2020-06-01_08_41_10.wav,PVM,11
PVM,2020-06-01_09_07_55,https://zenodo.org/records/11111536/files/2020-06-01_09_07_55.wav,PVM,12
PVM,2020-06-01_09_39_53,https://zenodo.org/records/11111536/files/2020-06-01_09_39_53.wav,PVM,13
PVM,2020-06-01_09_33_46,https://zenodo.org/records/11111536/files/2020-06-01_09_33_46.wav,PVM,14
PVM,2020-06-01_12_36_33,https://zenodo.org/records/11111536/files/2020-06-01_12_36_33.wav,PVM,15
PVM,2020-06-01_12_46_58,https://zenodo.org/records/11111536/files/2020-06-01_12_46_58.wav,PVM,16
PVM,2020-06-01_06_21_23,https://zenodo.org/records/11111536/files/2020-06-01_06_21_23.wav,PVM,17
PVM,2020-06-01_06_18_33,https://zenodo.org/records/11111536/files/2020-06-01_06_18_33.wav,PVM,18
PVM,2020-06-01_08_02_53,https://zenodo.org/records/11111536/files/2020-06-01_08_02_53.wav,PVM,19
PVM,2020-06-02_08_21_40,https://zenodo.org/records/11111536/files/2020-06-02_08_21_40.wav,PVM,20
PVM,2020-06-02_08_40_11,https://zenodo.org/records/11111536/files/2020-06-02_08_40_11.wav,PVM,21
PVM,2020-06-02_10_24_16,https://zenodo.org/records/11111536/files/2020-06-02_10_24_16.wav,PVM,22
PVM,2020-06-02_11_48_10,https://zenodo.org/records/11111536/files/2020-06-02_11_48_10.wav,PVM,23
PVM,2020-06-02_11_51_06,https://zenodo.org/records/11111536/files/2020-06-02_11_51_06.wav,PVM,24
PVM,2020-06-02_12_53_21,https://zenodo.org/records/11111536/files/2020-06-02_12_53_21.wav,PVM,25
PVM,2020-06-02_05_06_06,https://zenodo.org/records/11111536/files/2020-06-02_05_06_06.wav,PVM,26
PVM,2020-06-02_05_25_20,https://zenodo.org/records/11111536/files/2020-06-02_05_25_20.wav,PVM,27
PVM,2020-06-02_07_49_10,https://zenodo.org/records/11111536/files/2020-06-02_07_49_10.wav,PVM,28
PVM,2020-06-02_07_51_47,https://zenodo.org/records/11111536/files/2020-06-02_07_51_47.wav,PVM,29
PVM,2020-06-04_08_37_47,https://zenodo.org/records/11111536/files/2020-06-04_08_37_47.wav,PVM,30
PVM,2020-06-04_08_23_21,https://zenodo.org/records/11111536/files/2020-06-04_08_23_21.wav,PVM,31
PVM,2020-06-04_09_30_02,https://zenodo.org/records/11111536/files/2020-06-04_09_30_02.wav,PVM,32
PVM,2020-06-04_04_43_37,https://zenodo.org/records/11111536/files/2020-06-04_04_43_37.wav,PVM,33
PVM,2020-06-04_04_43_32,https://zenodo.org/records/11111536/files/2020-06-04_04_43_32.wav,PVM,34
PVM,2020-06-04_04_43_38,https://zenodo.org/records/11111536/files/2020-06-04_04_43_38.wav,PVM,35
PVM,2020-06-04_05_41_20,https://zenodo.org/records/11111536/files/2020-06-04_05_41_20.wav,PVM,36
PVM,2020-06-04_08_58_03,https://zenodo.org/records/11111536/files/2020-06-04_08_58_03.wav,PVM,37
PVM,2020-06-04_08_58_06,https://zenodo.org/records/11111536/files/2020-06-04_08_58_06.wav,PVM,38
PVM,2020-06-04_08_58_07,https://zenodo.org/records/11111536/files/2020-06-04_08_58_07.wav,PVM,39
PVM,2020-05-30_07_44_45,https://zenodo.org/records/11111536/files/2020-05-30_07_44_45.wav,PVM,40
PVM,2020-05-30_12_20_29,https://zenodo.org/records/11111536/files/2020-05-30_12_20_29.wav,PVM,41
PVM,2020-05-30_09_14_00,https://zenodo.org/records/11111536/files/2020-05-30_09_14_00.wav,PVM,42
PVM,2020-05-30_12_03_37,https://zenodo.org/records/11111536/files/2020-05-30_12_03_37.wav,PVM,43
PVM,2020-05-30_10_10_45,https://zenodo.org/records/11111536/files/2020-05-30_10_10_45.wav,PVM,44
PVM,2020-05-30_01_03_06,https://zenodo.org/records/11111536/files/2020-05-30_01_03_06.wav,PVM,45
PVM,2020-05-30_03_00_36,https://zenodo.org/records/11111536/files/2020-05-30_03_00_36.wav,PVM,46
PVM,2020-05-30_03_05_47,https://zenodo.org/records/11111536/files/2020-05-30_03_05_47.wav,PVM,47
PVM,2020-05-30_04_26_31,https://zenodo.org/records/11111536/files/2020-05-30_04_26_31.wav,PVM,48
PVM,2020-05-30_07_07_20,https://zenodo.org/records/11111536/files/2020-05-30_07_07_20.wav,PVM,49
PVM,2020-06-06_07_31_26,https://zenodo.org/records/11111536/files/2020-06-06_07_31_26.wav,PVM,50
PVM,2020-06-06_07_23_03,https://zenodo.org/records/11111536/files/2020-06-06_07_23_03.wav,PVM,51
PVM,2020-06-06_07_33_37,https://zenodo.org/records/11111536/files/2020-06-06_07_33_37.wav,PVM,52
PVM,2020-06-06_07_38_05,https://zenodo.org/records/11111536/files/2020-06-06_07_38_05.wav,PVM,53
PVM,2020-06-06_07_40_48,https://zenodo.org/records/11111536/files/2020-06-06_07_40_48.wav,PVM,54
PVM,2020-06-06_03_57_31,https://zenodo.org/records/11111536/files/2020-06-06_03_57_31.wav,PVM,55
PVM,2020-06-06_04_00_35,https://zenodo.org/records/11111536/files/2020-06-06_04_00_35.wav,PVM,56
PVM,2020-06-06_04_34_01,https://zenodo.org/records/11111536/files/2020-06-06_04_34_01.wav,PVM,57
PVM,2020-06-06_04_36_38,https://zenodo.org/records/11111536/files/2020-06-06_04_36_38.wav,PVM,58
PVM,2020-06-06_04_59_49,https://zenodo.org/records/11111536/files/2020-06-06_04_59_49.wav,PVM,59
PVM,2020-05-28_08_37_27,https://zenodo.org/records/11111536/files/2020-05-28_08_37_27.wav,PVM,60
PVM,2020-05-28_07_56_38,https://zenodo.org/records/11111536/files/2020-05-28_07_56_38.wav,PVM,61
PVM,2020-05-28_09_51_59,https://zenodo.org/records/11111536/files/2020-05-28_09_51_59.wav,PVM,62
PVM,2020-05-28_12_12_58,https://zenodo.org/records/11111536/files/2020-05-28_12_12_58.wav,PVM,63
PVM,2020-05-28_11_02_45,https://zenodo.org/records/11111536/files/2020-05-28_11_02_45.wav,PVM,64
PVM,2020-05-28_03_15_48,https://zenodo.org/records/11111536/files/2020-05-28_03_15_48.wav,PVM,65
PVM,2020-05-28_03_43_16,https://zenodo.org/records/11111536/files/2020-05-28_03_43_16.wav,PVM,66
PVM,2020-05-28_05_03_30,https://zenodo.org/records/11111536/files/2020-05-28_05_03_30.wav,PVM,67
PVM,2020-05-28_06_26_30,https://zenodo.org/records/11111536/files/2020-05-28_06_26_30.wav,PVM,68
PVM,2020-05-28_08_35_19,https://zenodo.org/records/11111536/files/2020-05-28_08_35_19.wav,PVM,69
PVM,2020-06-05_07_30_37,https://zenodo.org/records/11111536/files/2020-06-05_07_30_37.wav,PVM,70
PVM,2020-06-05_06_54_24,https://zenodo.org/records/11111536/files/2020-06-05_06_54_24.wav,PVM,71
PVM,2020-06-05_08_05_11,https://zenodo.org/records/11111536/files/2020-06-05_08_05_11.wav,PVM,72
PVM,2020-06-05_08_08_51,https://zenodo.org/records/11111536/files/2020-06-05_08_08_51.wav,PVM,73
PVM,2020-06-05_08_39_09,https://zenodo.org/records/11111536/files/2020-06-05_08_39_09.wav,PVM,74
PVM,2020-06-05_04_57_14,https://zenodo.org/records/11111536/files/2020-06-05_04_57_14.wav,PVM,75
PVM,2020-06-05_05_17_08,https://zenodo.org/records/11111536/files/2020-06-05_05_17_08.wav,PVM,76
PVM,2020-06-05_05_22_12,https://zenodo.org/records/11111536/files/2020-06-05_05_22_12.wav,PVM,77
PVM,2020-06-05_06_26_46,https://zenodo.org/records/11111536/files/2020-06-05_06_26_46.wav,PVM,78
PVM,2020-06-05_06_35_35,https://zenodo.org/records/11111536/files/2020-06-05_06_35_35.wav,PVM,79
PVM,2020-05-27_10_42_18,https://zenodo.org/records/11111536/files/2020-05-27_10_42_18.wav,PVM,80
PVM,2020-05-27_10_00_18,https://zenodo.org/records/11111536/files/2020-05-27_10_00_18.wav,PVM,81
PVM,2020-05-27_01_01_37,https://zenodo.org/records/11111536/files/2020-05-27_01_01_37.wav,PVM,82
PVM,2020-05-27_03_20_01,https://zenodo.org/records/11111536/files/2020-05-27_03_20_01.wav,PVM,83
PVM,2020-05-27_04_37_41,https://zenodo.org/records/11111536/files/2020-05-27_04_37_41.wav,PVM,84
PVM,2020-05-27_05_24_23,https://zenodo.org/records/11111536/files/2020-05-27_05_24_23.wav,PVM,85
PVM,2020-05-27_06_12_08,https://zenodo.org/records/11111536/files/2020-05-27_06_12_08.wav,PVM,86
PVM,2020-05-27_08_00_37,https://zenodo.org/records/11111536/files/2020-05-27_08_00_37.wav,PVM,87
PVM,2020-05-27_10_17_06,https://zenodo.org/records/11111536/files/2020-05-27_10_17_06.wav,PVM,88
PVM,2020-05-27_10_31_54,https://zenodo.org/records/11111536/files/2020-05-27_10_31_54.wav,PVM,89
PVM,2020-05-29_07_53_30,https://zenodo.org/records/11111536/files/2020-05-29_07_53_30.wav,PVM,90
PVM,2020-05-29_09_22_38,https://zenodo.org/records/11111536/files/2020-05-29_09_22_38.wav,PVM,91
PVM,2020-05-29_08_46_29,https://zenodo.org/records/11111536/files/2020-05-29_08_46_29.wav,PVM,92
PVM,2020-05-29_10_13_11,https://zenodo.org/records/11111536/files/2020-05-29_10_13_11.wav,PVM,93
PVM,2020-05-29_12_31_55,https://zenodo.org/records/11111536/files/2020-05-29_12_31_55.wav,PVM,94
PVM,2020-05-29_03_03_58,https://zenodo.org/records/11111536/files/2020-05-29_03_03_58.wav,PVM,95
PVM,2020-05-29_04_50_37,https://zenodo.org/records/11111536/files/2020-05-29_04_50_37.wav,PVM,96
PVM,2020-05-29_05_30_03,https://zenodo.org/records/11111536/files/2020-05-29_05_30_03.wav,PVM,97
PVM,2020-05-29_06_19_11,https://zenodo.org/records/11111536/files/2020-05-29_06_19_11.wav,PVM,98
PVM,2020-05-29_08_01_59,https://zenodo.org/records/11111536/files/2020-05-29_08_01_59.wav,PVM,99
RRYR,2020-06-03_09_17_05,https://zenodo.org/records/11111545/files/2020-06-03_09_17_05.wav,RRYR,0
RRYR,2020-06-03_09_17_04,https://zenodo.org/records/11111545/files/2020-06-03_09_17_04.wav,RRYR,1
RRYR,2020-06-03_09_17_11,https://zenodo.org/records/11111545/files/2020-06-03_09_17_11.wav,RRYR,2
RRYR,2020-06-03_09_17_20,https://zenodo.org/records/11111545/files/2020-06-03_09_17_20.wav,RRYR,3
RRYR,2020-06-03_09_17_30,https://zenodo.org/records/11111545/files/2020-06-03_09_17_30.wav,RRYR,4
RRYR,2020-06-03_09_17_32,https://zenodo.org/records/11111545/files/2020-06-03_09_17_32.wav,RRYR,5
RRYR,2020-06-03_09_17_39,https://zenodo.org/records/11111545/files/2020-06-03_09_17_39.wav,RRYR,6
RRYR,2020-06-03_09_17_38,https://zenodo.org/records/11111545/files/2020-06-03_09_17_38.wav,RRYR,7
RRYR,2020-06-03_09_17_41,https://zenodo.org/records/11111545/files/2020-06-03_09_17_41.wav,RRYR,8
RRYR,2020-06-03_09_17_46,https://zenodo.org/records/11111545/files/2020-06-03_09_17_46.wav,RRYR,9
RRYR,2020-06-01_10_23_33,https://zenodo.org/records/11111545/files/2020-06-01_10_23_33.wav,RRYR,10
RRYR,2020-06-01_10_23_35,https://zenodo.org/records/11111545/files/2020-06-01_10_23_35.wav,RRYR,11
RRYR,2020-06-01_10_23_42,https://zenodo.org/records/11111545/files/2020-06-01_10_23_42.wav,RRYR,12
RRYR,2020-06-01_10_23_50,https://zenodo.org/records/11111545/files/2020-06-01_10_23_50.wav,RRYR,13
RRYR,2020-06-01_10_23_55,https://zenodo.org/records/11111545/files/2020-06-01_10_23_55.wav,RRYR,14
RRYR,2020-06-01_10_24_06,https://zenodo.org/records/11111545/files/2020-06-01_10_24_06.wav,RRYR,15
RRYR,2020-06-01_10_24_31,https://zenodo.org/records/11111545/files/2020-06-01_10_24_31.wav,RRYR,16
RRYR,2020-06-01_10_24_24,https://zenodo.org/records/11111545/files/2020-06-01_10_24_24.wav,RRYR,17
RRYR,2020-06-01_10_24_33,https://zenodo.org/records/11111545/files/2020-06-01_10_24_33.wav,RRYR,18
RRYR,2020-06-01_10_25_59,https://zenodo.org/records/11111545/files/2020-06-01_10_25_59.wav,RRYR,19
RRYR,2020-06-02_09_52_48,https://zenodo.org/records/11111545/files/2020-06-02_09_52_48.wav,RRYR,20
RRYR,2020-06-02_09_53_20,https://zenodo.org/records/11111545/files/2020-06-02_09_53_20.wav,RRYR,21
RRYR,2020-06-02_09_53_04,https://zenodo.org/records/11111545/files/2020-06-02_09_53_04.wav,RRYR,22
RRYR,2020-06-02_09_53_30,https://zenodo.org/records/11111545/files/2020-06-02_09_53_30.wav,RRYR,23
RRYR,2020-06-02_09_53_45,https://zenodo.org/records/11111545/files/2020-06-02_09_53_45.wav,RRYR,24
RRYR,2020-06-02_09_53_51,https://zenodo.org/records/11111545/files/2020-06-02_09_53_51.wav,RRYR,25
RRYR,2020-06-02_09_54_06,https://zenodo.org/records/11111545/files/2020-06-02_09_54_06.wav,RRYR,26
RRYR,2020-06-02_09_53_58,https://zenodo.org/records/11111545/files/2020-06-02_09_53_58.wav,RRYR,27
RRYR,2020-06-02_09_54_11,https://zenodo.org/records/11111545/files/2020-06-02_09_54_11.wav,RRYR,28
RRYR,2020-06-02_09_54_22,https://zenodo.org/records/11111545/files/2020-06-02_09_54_22.wav,RRYR,29
RRYR,2020-06-04_08_19_53,https://zenodo.org/records/11111545/files/2020-06-04_08_19_53.wav,RRYR,30
RRYR,2020-06-04_08_49_24,https://zenodo.org/records/11111545/files/2020-06-04_08_49_24.wav,RRYR,31
RRYR,2020-06-04_08_52_00,https://zenodo.org/records/11111545/files/2020-06-04_08_52_00.wav,RRYR,32
RRYR,2020-06-04_08_52_14,https://zenodo.org/records/11111545/files/2020-06-04_08_52_14.wav,RRYR,33
RRYR,2020-06-04_09_03_45,https://zenodo.org/records/11111545/files/2020-06-04_09_03_45.wav,RRYR,34
RRYR,2020-06-04_09_04_14,https://zenodo.org/records/11111545/files/2020-06-04_09_04_14.wav,RRYR,35
RRYR,2020-06-04_09_04_25,https://zenodo.org/records/11111545/files/2020-06-04_09_04_25.wav,RRYR,36
RRYR,2020-06-04_09_05_00,https://zenodo.org/records/11111545/files/2020-06-04_09_05_00.wav,RRYR,37
RRYR,2020-06-04_09_04_59,https://zenodo.org/records/11111545/files/2020-06-04_09_04_59.wav,RRYR,38
RRYR,2020-06-04_09_05_13,https://zenodo.org/records/11111545/files/2020-06-04_09_05_13.wav,RRYR,39
RRYR,2020-05-30_10_11_55,https://zenodo.org/records/11111545/files/2020-05-30_10_11_55.wav,RRYR,40
RRYR,2020-05-30_10_14_19,https://zenodo.org/records/11111545/files/2020-05-30_10_14_19.wav,RRYR,41
RRYR,2020-05-30_10_15_09,https://zenodo.org/records/11111545/files/2020-05-30_10_15_09.wav,RRYR,42
RRYR,2020-05-30_10_15_41,https://zenodo.org/records/11111545/files/2020-05-30_10_15_41.wav,RRYR,43
RRYR,2020-05-30_10_17_30,https://zenodo.org/records/11111545/files/2020-05-30_10_17_30.wav,RRYR,44
RRYR,2020-05-30_10_17_11,https://zenodo.org/records/11111545/files/2020-05-30_10_17_11.wav,RRYR,45
RRYR,2020-05-30_10_17_36,https://zenodo.org/records/11111545/files/2020-05-30_10_17_36.wav,RRYR,46
RRYR,2020-05-30_10_17_48,https://zenodo.org/records/11111545/files/2020-05-30_10_17_48.wav,RRYR,47
RRYR,2020-05-30_10_17_57,https://zenodo.org/records/11111545/files/2020-05-30_10_17_57.wav,RRYR,48
RRYR,2020-05-30_10_18_04,https://zenodo.org/records/11111545/files/2020-05-30_10_18_04.wav,RRYR,49
RRYR,2020-06-06_09_47_58,https://zenodo.org/records/11111545/files/2020-06-06_09_47_58.wav,RRYR,50
RRYR,2020-06-06_09_48_23,https://zenodo.org/records/11111545/files/2020-06-06_09_48_23.wav,RRYR,51
RRYR,2020-06-06_09_48_34,https://zenodo.org/records/11111545/files/2020-06-06_09_48_34.wav,RRYR,52
RRYR,2020-06-06_09_48_45,https://zenodo.org/records/11111545/files/2020-06-06_09_48_45.wav,RRYR,53
RRYR,2020-06-06_09_48_50,https://zenodo.org/records/11111545/files/2020-06-06_09_48_50.wav,RRYR,54
RRYR,2020-06-06_09_48_55,https://zenodo.org/records/11111545/files/2020-06-06_09_48_55.wav,RRYR,55
RRYR,2020-06-06_09_48_58,https://zenodo.org/records/11111545/files/2020-06-06_09_48_58.wav,RRYR,56
RRYR,2020-06-06_09_48_59,https://zenodo.org/records/11111545/files/2020-06-06_09_48_59.wav,RRYR,57
RRYR,2020-06-06_09_49_06,https://zenodo.org/records/11111545/files/2020-06-06_09_49_06.wav,RRYR,58
RRYR,2020-06-06_09_49_15,https://zenodo.org/records/11111545/files/2020-06-06_09_49_15.wav,RRYR,59
RRYR,2020-05-28_06_39_57,https://zenodo.org/records/11111545/files/2020-05-28_06_39_57.wav,RRYR,60
RRYR,2020-05-28_06_46_18,https://zenodo.org/records/11111545/files/2020-05-28_06_46_18.wav,RRYR,61
RRYR,2020-05-28_06_53_15,https://zenodo.org/records/11111545/files/2020-05-28_06_53_15.wav,RRYR,62
RRYR,2020-05-28_06_50_06,https://zenodo.org/records/11111545/files/2020-05-28_06_50_06.wav,RRYR,63
RRYR,2020-05-28_06_59_38,https://zenodo.org/records/11111545/files/2020-05-28_06_59_38.wav,RRYR,64
RRYR,2020-05-28_07_03_05,https://zenodo.org/records/11111545/files/2020-05-28_07_03_05.wav,RRYR,65
RRYR,2020-05-28_07_06_54,https://zenodo.org/records/11111545/files/2020-05-28_07_06_54.wav,RRYR,66
RRYR,2020-05-28_07_14_56,https://zenodo.org/records/11111545/files/2020-05-28_07_14_56.wav,RRYR,67
RRYR,2020-05-28_07_18_47,https://zenodo.org/records/11111545/files/2020-05-28_07_18_47.wav,RRYR,68
RRYR,2020-05-28_07_21_12,https://zenodo.org/records/11111545/files/2020-05-28_07_21_12.wav,RRYR,69
RRYR,2020-06-05_10_08_16,https://zenodo.org/records/11111545/files/2020-06-05_10_08_16.wav,RRYR,70
RRYR,2020-06-05_10_08_28,https://zenodo.org/records/11111545/files/2020-06-05_10_08_28.wav,RRYR,71
RRYR,2020-06-05_10_08_32,https://zenodo.org/records/11111545/files/2020-06-05_10_08_32.wav,RRYR,72
RRYR,2020-06-05_10_09_19,https://zenodo.org/records/11111545/files/2020-06-05_10_09_19.wav,RRYR,73
RRYR,2020-06-05_10_09_24,https://zenodo.org/records/11111545/files/2020-06-05_10_09_24.wav,RRYR,74
RRYR,2020-06-05_10_09_25,https://zenodo.org/records/11111545/files/2020-06-05_10_09_25.wav,RRYR,75
RRYR,2020-06-05_10_09_27,https://zenodo.org/records/11111545/files/2020-06-05_10_09_27.wav,RRYR,76
RRYR,2020-06-05_10_09_26,https://zenodo.org/records/11111545/files/2020-06-05_10_09_26.wav,RRYR,77
RRYR,2020-06-05_10_14_56,https://zenodo.org/records/11111545/files/2020-06-05_10_14_56.wav,RRYR,78
RRYR,2020-06-05_10_18_16,https://zenodo.org/records/11111545/files/2020-06-05_10_18_16.wav,RRYR,79
RRYR,2020-05-27_05_03_00,https://zenodo.org/records/11111545/files/2020-05-27_05_03_00.wav,RRYR,80
RRYR,2020-05-27_05_10_14,https://zenodo.org/records/11111545/files/2020-05-27_05_10_14.wav,RRYR,81
RRYR,2020-05-27_05_19_09,https://zenodo.org/records/11111545/files/2020-05-27_05_19_09.wav,RRYR,82
RRYR,2020-05-27_05_28_46,https://zenodo.org/records/11111545/files/2020-05-27_05_28_46.wav,RRYR,83
RRYR,2020-05-27_05_22_19,https://zenodo.org/records/11111545/files/2020-05-27_05_22_19.wav,RRYR,84
RRYR,2020-05-27_05_34_14,https://zenodo.org/records/11111545/files/2020-05-27_05_34_14.wav,RRYR,85
RRYR,2020-05-27_05_44_38,https://zenodo.org/records/11111545/files/2020-05-27_05_44_38.wav,RRYR,86
RRYR,2020-05-27_05_40_15,https://zenodo.org/records/11111545/files/2020-05-27_05_40_15.wav,RRYR,87
RRYR,2020-05-27_05_06_19,https://zenodo.org/records/11111545/files/2020-05-27_05_06_19.wav,RRYR,88
RRYR,2020-05-27_05_13_12,https://zenodo.org/records/11111545/files/2020-05-27_05_13_12.wav,RRYR,89
RRYR,2020-05-29_10_02_11,https://zenodo.org/records/11111545/files/2020-05-29_10_02_11.wav,RRYR,90
RRYR,2020-05-29_10_02_27,https://zenodo.org/records/11111545/files/2020-05-29_10_02_27.wav,RRYR,91
RRYR,2020-05-29_10_02_40,https://zenodo.org/records/11111545/files/2020-05-29_10_02_40.wav,RRYR,92
RRYR,2020-05-29_10_02_52,https://zenodo.org/records/11111545/files/2020-05-29_10_02_52.wav,RRYR,93
RRYR,2020-05-29_10_03_20,https://zenodo.org/records/11111545/files/2020-05-29_10_03_20.wav,RRYR,94
RRYR,2020-05-29_10_04_26,https://zenodo.org/records/11111545/files/2020-05-29_10_04_26.wav,RRYR,95
RRYR,2020-05-29_10_04_59,https://zenodo.org/records/11111545/files/2020-05-29_10_04_59.wav,RRYR,96
RRYR,2020-05-29_10_05_19,https://zenodo.org/records/11111545/files/2020-05-29_10_05_19.wav,RRYR,97
RRYR,2020-05-29_10_05_20,https://zenodo.org/records/11111545/files/2020-05-29_10_05_20.wav,RRYR,98
RRYR,2020-05-29_10_05_23,https://zenodo.org/records/11111545/files/2020-05-29_10_05_23.wav,RRYR,99
SSF,2020-06-03_10_46_33,https://zenodo.org/records/11111549/files/2020-06-03_10_46_33.wav,SSF,0
SSF,2020-06-03_10_47_02,https://zenodo.org/records/11111549/files/2020-06-03_10_47_02.wav,SSF,1
SSF,2020-06-03_10_48_44,https://zenodo.org/records/11111549/files/2020-06-03_10_48_44.wav,SSF,2
SSF,2020-06-03_02_51_34,https://zenodo.org/records/11111549/files/2020-06-03_02_51_34.wav,SSF,3
SSF,2020-06-03_10_48_45,https://zenodo.org/records/11111549/files/2020-06-03_10_48_45.wav,SSF,4
SSF,2020-06-03_02_51_37,https://zenodo.org/records/11111549/files/2020-06-03_02_51_37.wav,SSF,5
SSF,2020-06-03_02_51_38,https://zenodo.org/records/11111549/files/2020-06-03_02_51_38.wav,SSF,6
SSF,2020-06-03_06_25_31,https://zenodo.org/records/11111549/files/2020-06-03_06_25_31.wav,SSF,7
SSF,2020-06-03_06_25_34,https://zenodo.org/records/11111549/files/2020-06-03_06_25_34.wav,SSF,8
SSF,2020-06-03_06_25_33,https://zenodo.org/records/11111549/files/2020-06-03_06_25_33.wav,SSF,9
SSF,2020-06-01_04_55_55,https://zenodo.org/records/11111549/files/2020-06-01_04_55_55.wav,SSF,10
SSF,2020-06-01_04_55_39,https://zenodo.org/records/11111549/files/2020-06-01_04_55_39.wav,SSF,11
SSF,2020-06-01_04_55_58,https://zenodo.org/records/11111549/files/2020-06-01_04_55_58.wav,SSF,12
SSF,2020-06-01_04_56_00,https://zenodo.org/records/11111549/files/2020-06-01_04_56_00.wav,SSF,13
SSF,2020-06-01_04_55_59,https://zenodo.org/records/11111549/files/2020-06-01_04_55_59.wav,SSF,14
SSF,2020-06-01_07_05_36,https://zenodo.org/records/11111549/files/2020-06-01_07_05_36.wav,SSF,15
SSF,2020-06-01_07_05_40,https://zenodo.org/records/11111549/files/2020-06-01_07_05_40.wav,SSF,16
SSF,2020-06-01_07_05_41,https://zenodo.org/records/11111549/files/2020-06-01_07_05_41.wav,SSF,17
SSF,2020-06-01_07_05_43,https://zenodo.org/records/11111549/files/2020-06-01_07_05_43.wav,SSF,18
SSF,2020-06-01_07_05_42,https://zenodo.org/records/11111549/files/2020-06-01_07_05_42.wav,SSF,19
SSF,2020-06-02_10_30_38,https://zenodo.org/records/11111549/files/2020-06-02_10_30_38.wav,SSF,20
SSF,2020-06-02_10_30_45,https://zenodo.org/records/11111549/files/2020-06-02_10_30_45.wav,SSF,21
SSF,2020-06-02_10_30_50,https://zenodo.org/records/11111549/files/2020-06-02_10_30_50.wav,SSF,22
SSF,2020-06-02_10_30_51,https://zenodo.org/records/11111549/files/2020-06-02_10_30_51.wav,SSF,23
SSF,2020-06-02_02_30_11,https://zenodo.org/records/11111549/files/2020-06-02_02_30_11.wav,SSF,24
SSF,2020-06-02_02_30_13,https://zenodo.org/records/11111549/files/2020-06-02_02_30_13.wav,SSF,25
SSF,2020-06-02_02_30_12,https://zenodo.org/records/11111549/files/2020-06-02_02_30_12.wav,SSF,26
SSF,2020-06-02_06_27_24,https://zenodo.org/records/11111549/files/2020-06-02_06_27_24.wav,SSF,27
SSF,2020-06-02_06_27_25,https://zenodo.org/records/11111549/files/2020-06-02_06_27_25.wav,SSF,28
SSF,2020-06-02_06_27_26,https://zenodo.org/records/11111549/files/2020-06-02_06_27_26.wav,SSF,29
SSF,2020-06-04_11_26_07,https://zenodo.org/records/11111549/files/2020-06-04_11_26_07.wav,SSF,30
SSF,2020-06-04_11_26_16,https://zenodo.org/records/11111549/files/2020-06-04_11_26_16.wav,SSF,31
SSF,2020-06-04_11_26_17,https://zenodo.org/records/11111549/files/2020-06-04_11_26_17.wav,SSF,32
SSF,2020-06-04_11_26_18,https://zenodo.org/records/11111549/files/2020-06-04_11_26_18.wav,SSF,33
SSF,2020-06-04_04_14_06,https://zenodo.org/records/11111549/files/2020-06-04_04_14_06.wav,SSF,34
SSF,2020-06-04_04_14_24,https://zenodo.org/records/11111549/files/2020-06-04_04_14_24.wav,SSF,35
SSF,2020-06-04_04_14_25,https://zenodo.org/records/11111549/files/2020-06-04_04_14_25.wav,SSF,36
SSF,2020-06-04_07_05_23,https://zenodo.org/records/11111549/files/2020-06-04_07_05_23.wav,SSF,37
SSF,2020-06-04_07_03_56,https://zenodo.org/records/11111549/files/2020-06-04_07_03_56.wav,SSF,38
SSF,2020-06-04_07_05_33,https://zenodo.org/records/11111549/files/2020-06-04_07_05_33.wav,SSF,39
SSF,2020-05-30_02_23_57,https://zenodo.org/records/11111549/files/2020-05-30_02_23_57.wav,SSF,40
SSF,2020-05-30_02_24_05,https://zenodo.org/records/11111549/files/2020-05-30_02_24_05.wav,SSF,41
SSF,2020-05-30_02_24_11,https://zenodo.org/records/11111549/files/2020-05-30_02_24_11.wav,SSF,42
SSF,2020-05-30_02_24_12,https://zenodo.org/records/11111549/files/2020-05-30_02_24_12.wav,SSF,43
SSF,2020-05-30_02_24_13,https://zenodo.org/records/11111549/files/2020-05-30_02_24_13.wav,SSF,44
SSF,2020-05-30_06_49_26,https://zenodo.org/records/11111549/files/2020-05-30_06_49_26.wav,SSF,45
SSF,2020-05-30_06_49_27,https://zenodo.org/records/11111549/files/2020-05-30_06_49_27.wav,SSF,46
SSF,2020-05-30_06_49_28,https://zenodo.org/records/11111549/files/2020-05-30_06_49_28.wav,SSF,47
SSF,2020-05-30_06_49_29,https://zenodo.org/records/11111549/files/2020-05-30_06_49_29.wav,SSF,48
SSF,2020-05-30_06_49_30,https://zenodo.org/records/11111549/files/2020-05-30_06_49_30.wav,SSF,49
SSF,2020-06-06_09_38_23,https://zenodo.org/records/11111549/files/2020-06-06_09_38_23.wav,SSF,50
SSF,2020-06-06_09_38_28,https://zenodo.org/records/11111549/files/2020-06-06_09_38_28.wav,SSF,51
SSF,2020-06-06_09_38_26,https://zenodo.org/records/11111549/files/2020-06-06_09_38_26.wav,SSF,52
SSF,2020-06-06_09_38_30,https://zenodo.org/records/11111549/files/2020-06-06_09_38_30.wav,SSF,53
SSF,2020-06-06_02_13_51,https://zenodo.org/records/11111549/files/2020-06-06_02_13_51.wav,SSF,54
SSF,2020-06-06_02_14_01,https://zenodo.org/records/11111549/files/2020-06-06_02_14_01.wav,SSF,55
SSF,2020-06-06_02_14_05,https://zenodo.org/records/11111549/files/2020-06-06_02_14_05.wav,SSF,56
SSF,2020-06-06_05_28_59,https://zenodo.org/records/11111549/files/2020-06-06_05_28_59.wav,SSF,57
SSF,2020-06-06_05_29_06,https://zenodo.org/records/11111549/files/2020-06-06_05_29_06.wav,SSF,58
SSF,2020-06-06_05_29_07,https://zenodo.org/records/11111549/files/2020-06-06_05_29_07.wav,SSF,59
SSF,2020-05-29_11_04_28,https://zenodo.org/records/11111549/files/2020-05-29_11_04_28.wav,SSF,60
SSF,2020-05-29_11_04_25,https://zenodo.org/records/11111549/files/2020-05-29_11_04_25.wav,SSF,61
SSF,2020-05-29_11_04_30,https://zenodo.org/records/11111549/files/2020-05-29_11_04_30.wav,SSF,62
SSF,2020-05-29_11_04_41,https://zenodo.org/records/11111549/files/2020-05-29_11_04_41.wav,SSF,63
SSF,2020-05-29_11_04_44,https://zenodo.org/records/11111549/files/2020-05-29_11_04_44.wav,SSF,64
SSF,2020-05-29_11_04_42,https://zenodo.org/records/11111549/files/2020-05-29_11_04_42.wav,SSF,65
SSF,2020-05-29_11_04_46,https://zenodo.org/records/11111549/files/2020-05-29_11_04_46.wav,SSF,66
SSF,2020-05-29_11_04_45,https://zenodo.org/records/11111549/files/2020-05-29_11_04_45.wav,SSF,67
SSF,2020-05-29_11_04_43,https://zenodo.org/records/11111549/files/2020-05-29_11_04_43.wav,SSF,68
SSF,2020-05-29_11_04_47,https://zenodo.org/records/11111549/files/2020-05-29_11_04_47.wav,SSF,69
SSF,2020-06-05_10_44_24,https://zenodo.org/records/11111549/files/2020-06-05_10_44_24.wav,SSF,70
SSF,2020-06-05_10_44_32,https://zenodo.org/records/11111549/files/2020-06-05_10_44_32.wav,SSF,71
SSF,2020-06-05_10_44_34,https://zenodo.org/records/11111549/files/2020-06-05_10_44_34.wav,SSF,72
SSF,2020-06-05_10_44_37,https://zenodo.org/records/11111549/files/2020-06-05_10_44_37.wav,SSF,73
SSF,2020-06-05_03_17_06,https://zenodo.org/records/11111549/files/2020-06-05_03_17_06.wav,SSF,74
SSF,2020-06-05_03_17_04,https://zenodo.org/records/11111549/files/2020-06-05_03_17_04.wav,SSF,75
SSF,2020-06-05_03_17_08,https://zenodo.org/records/11111549/files/2020-06-05_03_17_08.wav,SSF,76
SSF,2020-06-05_06_00_55,https://zenodo.org/records/11111549/files/2020-06-05_06_00_55.wav,SSF,77
SSF,2020-06-05_06_00_57,https://zenodo.org/records/11111549/files/2020-06-05_06_00_57.wav,SSF,78
SSF,2020-06-05_06_00_56,https://zenodo.org/records/11111549/files/2020-06-05_06_00_56.wav,SSF,79
SSF,2020-05-28_02_37_08,https://zenodo.org/records/11111549/files/2020-05-28_02_37_08.wav,SSF,80
SSF,2020-05-28_02_37_17,https://zenodo.org/records/11111549/files/2020-05-28_02_37_17.wav,SSF,81
SSF,2020-05-28_02_37_16,https://zenodo.org/records/11111549/files/2020-05-28_02_37_16.wav,SSF,82
SSF,2020-05-28_10_47_55,https://zenodo.org/records/11111549/files/2020-05-28_10_47_55.wav,SSF,83
SSF,2020-05-28_10_47_57,https://zenodo.org/records/11111549/files/2020-05-28_10_47_57.wav,SSF,84
SSF,2020-05-28_10_47_58,https://zenodo.org/records/11111549/files/2020-05-28_10_47_58.wav,SSF,85
SSF,2020-05-28_06_13_37,https://zenodo.org/records/11111549/files/2020-05-28_06_13_37.wav,SSF,86
SSF,2020-05-28_06_13_38,https://zenodo.org/records/11111549/files/2020-05-28_06_13_38.wav,SSF,87
SSF,2020-05-28_06_14_02,https://zenodo.org/records/11111549/files/2020-05-28_06_14_02.wav,SSF,88
SSF,2020-05-28_06_14_03,https://zenodo.org/records/11111549/files/2020-05-28_06_14_03.wav,SSF,89
SSF,2020-05-29_05_14_52,https://zenodo.org/records/11111549/files/2020-05-29_05_14_52.wav,SSF,90
SSF,2020-05-29_05_14_59,https://zenodo.org/records/11111549/files/2020-05-29_05_14_59.wav,SSF,91
SSF,2020-05-29_05_14_58,https://zenodo.org/records/11111549/files/2020-05-29_05_14_58.wav,SSF,92
SSF,2020-05-29_05_15_00,https://zenodo.org/records/11111549/files/2020-05-29_05_15_00.wav,SSF,93
SSF,2020-05-29_05_15_01,https://zenodo.org/records/11111549/files/2020-05-29_05_15_01.wav,SSF,94
SSF,2020-05-29_06_52_58,https://zenodo.org/records/11111549/files/2020-05-29_06_52_58.wav,SSF,95
SSF,2020-05-29_06_53_12,https://zenodo.org/records/11111549/files/2020-05-29_06_53_12.wav,SSF,96
SSF,2020-05-29_06_54_07,https://zenodo.org/records/11111549/files/2020-05-29_06_54_07.wav,SSF,97
SSF,2020-05-29_06_54_08,https://zenodo.org/records/11111549/files/2020-05-29_06_54_08.wav,SSF,98
SSF,2020-05-29_06_54_09,https://zenodo.org/records/11111549/files/2020-05-29_06_54_09.wav,SSF,99
